Original,Inflection,rbl_ara_folding,is_same
أخذ,أخذ ,اخذ,False
أخذ,أخذ,اخذ,False
أخذ,تأخذ,اخذ,False
أخذ,تأخذين,اخذ,False
أخذ,تأخذي,اخذ,False
أخذ,تأخذون,اخذ,False
أخذ,تأخذوا,اخذ,False
أخذ,تأخذن,اخذ,False
أخذ,يأخذ,اخذ,False
أخذ,تأخذ,اخذ,False
أخذ,تأخذان,اخذ,False
أخذ,تأخذا,اخذ,False
أخذ,تأخذان,اخذ,False
أخذ,تأخذا,اخذ,False
أخذ,يأخذون,اخذ,False
أخذ,يأخذوا,اخذ,False
أخذ,يأخذن,اخذ,False
أخذ,نأخذ,اخذ,False
أخذ,أخذت,اخذ,False
أخذ,أخذت,اخذ,False
أخذ,أخذت,اخذ,False
أخذ,أخذتم,اخذ,False
أخذ,أخذتن,اخذ,False
أخذ,أخذ,اخذ,False
أخذ,أخذت,اخذ,False
أخذ,أخذا,اخذ,False
أخذ,أخذنا,اخذ,False
أخذ,أخذوا,اخذ,False
أخذ,أخذن,اخذ,False
أخذ,أخذنا,اخذ,False
أخذ,خذ,اخذ,False
أخذ,خذي,اخذ,False
أخذ,خذوا,اخذ,False
أخذ,خذن,,False
سوق,سوق,سوق,True
سوق,اسوق,ساق,False
سوق,تسوق,ساق,False
سوق,تسوقين,تسوق,False
سوق,تسوقي,ساق,False
سوق,تسوقون,سوق,True
سوق,تسوقوا,تسوق,False
سوق,تسوقن,تسوق,False
سوق,يسوق,ساق,False
سوق,تسوق,ساق,False
سوق,يسوقان,ساق,False
سوق,يسوقا,ساق,False
سوق,تسوقان ,ساق,False
سوق,تسوقا,تسوق,False
سوق,يسوقون,ساق,False
سوق,يسوقوا,ساق,False
سوق,يسوقن,سوق,True
سوق,نسوق,ساق,False
سوق,سوقت,سوق,True
سوق,تسوق,ساق,False
سوق,سوقت,سوق,True
سوق,سوقتوا,,False
سوق,سوقتن,سوق,True
سوق,سوق,سوق,True
سوق,سوقت,سوق,True
سوق,سوقا,سوق,True
سوق,سوقتنا,سوقة,False
سوق,سوقتن,سوق,True
سوق,سوقتن,سوق,True
سوق,سوقنا,سوق,True
سوق,سوق,سوق,True
سوق,سوقي,سوق,True
سوق,سوقا,سوق,True
سوق,سوقن,سوق,True
صور,صور,صور,True
صور,اصور,صور,True
صور,تصور,تصور,False
صور,تصورين,صور,True
صور,تصوري,صور,True
صور,تصوران,صور,True
صور,تصورا,تصور,False
صور,تصورنا,تصور,False
صور,يصور,صور,True
صور,تصور,تصور,False
صور,يصوران,صور,True
صور,يصورا,صور,True
صور,تصورنا,تصور,False
صور,تصورا,تصور,False
صور,يصورون,صور,True
صور,يصوروا,صور,True
صور,يصورن,صور,True
صور,نصور,صور,True
صور,صورت,صور,True
صور,صورتي,صورة,False
صور,صور,صور,True
صور,صورتما,صور,True
صور,صورنا,صور,True
صور,صور,صور,True
صور,صورت,صور,True
صور,صورا,صورة,False
صور,صورنا,صور,True
صور,صوروا,صور,True
صور,صورن,صور,True
صور,صورنا,صور,True
صور,صور,صور,True
صور,صوري,صوري,False
صور,صوروا,صور,True
صور,صورن,صور,True
بقى,بقى,بقي,False
بقى,أبقى,ابقى,False
بقى,تبقى,تبقى,False
بقى,تبقين,ابقى,False
بقى,تبقي,تبقى,False
بقى,تبقوا,تبقى,False
بقى,تبقون,ابقى,False
بقى,تبقين,ابقى,False
بقى,يبقى,بقي,False
بقى,تبقى,تبقى,False
بقى,يبقيان,بقي,False
بقى,يبقا,بق,False
بقى,تبقيان,بقي,False
بقى,تبقيا,تبقى,False
بقى,يبقون,بق,False
بقى,يبقوا,ابقى,False
بقى,يبقين,ابقى,False
بقى,نبقى,بقي,False
بقى,بقيت,بقي,False
بقى,بقيت,بقي,False
بقى,بقيتي,بقية,False
بقى,بقيتم,بقي,False
بقى,بقيتن,بقي,False
بقى,بقى,بقي,False
بقى,بقت,بق,False
بقى,بقوا,بق,False
بقى,بقين,بق,False
بقى,بقوا,بق,False
بقى,بقين,بق,False
بقى,بقينا,بقي,False
بقى,أبق,ابق,False
بقى,أبقي,ابقى,False
بقى,أبقوا,ابق,False
بقى,أبقين,ابق,False
لاح,لاح,,False
لاح,ألوح,لاح,True
لاح,تلوح,لاح,True
لاح,تلوحين,لاح,True
لاح,تلوحين,لاح,True
لاح,تلوحون,لوح,False
لاح,تلوحوا,لوح,False
لاح,تلحن,لحن,False
لاح,يلوح,لاح,True
لاح,تلوح,لاح,True
لاح,يلوحان,لاح,True
لاح,يلوحنا,لاح,True
لاح,تلوحان,لاح,True
لاح,تلوحان,لاح,True
لاح,يلوحون,لاح,True
لاح,يلوحوا,لاح,True
لاح,يلحن,لحن,False
لاح,نلوح,لاح,True
لاح,لحت,لح,False
لاح,لحت,لح,False
لاح,لحت,لح,False
لاح,لحتم,لاح,True
لاح,لحن,لحن,False
لاح,لاح,,False
لاح,لاحت,لاح,True
لاح,لاحا,لاح,True
لاح,لاحتا,لاح,True
لاح,لاحوا,لاح,True
لاح,لحن,لحن,False
لاح,لحنا,لاح,True
لاح,لح,لح,False
لاح,لوحي,وحي,False
لاح,لوحوا,لوح,False
لاح,لحن,لحن,False
سأل,سأل,سال,False
سأل,أسأل,اسال,False
سأل,تسأل,سال,False
سأل,تسألين,سال,False
سأل,تسألي,سال,False
سأل,تسألون,سال,False
سأل,تسألوا,تسال,False
سأل,تسألن,سال,False
سأل,يسأل,سال,False
سأل,تسأل,سال,False
سأل,يسألان,سال,False
سأل,يسألا,سال,False
سأل,تسألان,سال,False
سأل,تسألا,تسال,False
سأل,يسألون,سال,False
سأل,يسألوا,سال,False
سأل,يسألن,سال,False
سأل,نسأل,سال,False
سأل,سألت,سال,False
سأل,سألت,سال,False
سأل,سألت,سال,False
سأل,سألتم,التم,False
سأل,سألتن,سال,False
سأل,سأل,سال,False
سأل,سألت,سال,False
سأل,سألا,سال,False
سأل,سألتا,سال,False
سأل,سألوا,سال,False
سأل,سألن,الان,False
سأل,سألنا,سال,False
سأل,إسأل,,False
سأل,إسألي,,False
سأل,إسألوا,,False
سأل,إسألن,,False
شرى,شرى,شرى,True
شرى,أشتري,اشترى,False
شرى,تشتري,اشترى,False
شرى,تشترين,اشترى,False
شرى,تشتري,اشترى,False
شرى,تشترون,شتر,False
شرى,تشتروا,شتر,False
شرى,تشترين,اشترى,False
شرى,يشتري,اشترى,False
شرى,تشتري,اشترى,False
شرى,يشتريان,اشترى,False
شرى,يشتريا,اشترى,False
شرى,تشتريان,اشترى,False
شرى,تشتريا,اشترى,False
شرى,يشترون,اشترى,False
شرى,يشتروا,اشترى,False
شرى,يشترين,اشترى,False
شرى,نشتري,اشترى,False
شرى,إشتريت,اشترى,False
شرى,إشتريت,اشترى,False
شرى,إشتريت,اشترى,False
شرى,إشتريتم,اشترى,False
شرى,إشتريتن,اشترى,False
شرى,إشترى,اشترى,False
شرى,إشترت,اشترى,False
شرى,أشتريا,,False
شرى,إشتريتا,,False
شرى,إشتروا,اشترى,False
شرى,إشترين,اشترى,False
شرى,إشترينا,اشترى,False
شرى,إشتري,اشترى,False
شرى,إشتري,اشترى,False
شرى,إشتروا,اشترى,False
شرى,إشترن,,False
أدى,أدى,ادى,False
أدى,أودي,اودى,False
أدى,تؤدي,ادى,False
أدى,تؤدين,ادى,False
أدى,تؤدي,ادى,False
أدى,تؤدون,ادى,False
أدى,تؤدوا,ادى,False
أدى,تؤدين,ادى,False
أدى,يؤدي,ادى,False
أدى,تؤدي,ادى,False
أدى,يؤدون,اد,False
أدى,يؤدوا,ادى,False
أدى,يؤديان,ادى,False
أدى,يؤديا,ادى,False
أدى,تؤديان,ادى,False
أدى,تؤديا,ادى,False
أدى,يؤدين,ادى,False
أدى,نؤدي,ادى,False
أدى,أديت,ادى,False
أدى,أديت,ادى,False
أدى,أديت,ادى,False
أدى,أديتم,ادى,False
أدى,أديتن,ادى,False
أدى,أدى,ادى,False
أدى,أدت,اد,False
أدى,أديا,ادى,False
أدى,أدتا,اد,False
أدى,أدوا,اد,False
أدى,أدين,دان,False
أدى,أدينا,ادى,False
أدى,أد,اد,False
أدى,أدي,ادى,False
أدى,أدوا,اد,False
أدى,أدين,دان,False
موت,موت,موت,True
موت,أموت,مات,False
موت,تموت,مات,False
موت,تموتين,مات,False
موت,تموتي,مات,False
موت,تموتون,موت,True
موت,تموتوا,موت,True
موت,تمتن,امتن,False
موت,يموت,مات,False
موت,تموت,مات,False
موت,يموتان,مات,False
موت,يموتا,مات,False
موت,تموتان,مات,False
موت,تموتا,مات,False
موت,يموتون,مات,False
موت,يموتوا,مات,False
موت,يمتن,امتن,False
موت,نموت,نما,False
موت,موت,موت,True
موت,موت,موت,True
موت,موت,موت,True
موت,موتم,موت,True
موت,موتن,موت,True
موت,مات,,False
موت,ماتت,مات,False
موت,ماتا,مات,False
موت,ماتتا,مات,False
موت,موتى,ميت,False
موت,موتى,ميت,False
موت,متنا,متن,False
موت,موت,موت,True
موت,موتي,ميت,False
موت,موتوا,موت,True
موت,موتن,موت,True
أمن,أمن,امن,False
أمن,امن,امن,False
أمن,تأمن,امن,False
أمن,تأمنين,امن,False
أمن,تأمني,امن,False
أمن,تأمنون,امن,False
أمن,تأمنوا,امن,False
أمن,تأمن,امن,False
أمن,يأمن,امن,False
أمن,تأمن,امن,False
أمن,يأمنان,امن,False
أمن,يأمنا,امن,False
أمن,تأمنان,امن,False
أمن,تأمانا,,False
أمن,يأمنون,امن,False
أمن,يأمنوا,امن,False
أمن,يأمن,امن,False
أمن,نأمن,امن,False
أمن,أمنت,امن,False
أمن,أمنت,امن,False
أمن,أمنت,امن,False
أمن,أمنتم,امن,False
أمن,أمنتن,امن,False
أمن,أمن,امن,False
أمن,أمنت,امن,False
أمن,أمنا,امن,False
أمن,أمنتا,امن,False
أمن,أمنوا,امن,False
أمن,أمن,امن,False
أمن,أمنا,امن,False
أمن,أمن,امن,False
أمن,أمني,ام,False
أمن,أمنوا,امن,False
أمن,أمن,امن,False
أسس,أسس,اسس,False
أسس,أسس,اسس,False
أسس,تأسس,تاسس,False
أسس,تأسسي,,False
أسس,تأسيين,,False
أسس,تأسسون,,False
أسس,تأسسوا,تاسس,False
أسس,تؤسسن,اسس,False
أسس,يؤسس,اسس,False
أسس,تؤسس,اسس,False
أسس,يؤسسان,اسس,False
أسس,يؤسسا,اسس,False
أسس,تؤسسان,اسس,False
أسس,تؤسسا,اسس,False
أسس,يؤسسون,اسس,False
أسس,يؤسسوا,اسس,False
أسس,يؤسسن,اسس,False
أسس,نؤسس,اسس,False
أسس,أسست,اسس,False
أسس,أسست,اسس,False
أسس,أسست,اسس,False
أسس,أسستم,اسس,False
أسس,أسستن,اسس,False
أسس,أسس,اسس,False
أسس,أسست,اسس,False
أسس,أسسا,اسس,False
أسس,أسستا,اسس,False
أسس,أسسوا,اسس,False
أسس,أسسن,اسس,False
أسس,أسسنا,اسس,False
أسس,أسس,اسس,False
أسس,أسسي,اساس,False
أسس,أسسوا,اسس,False
أسس,أسسن,اسس,False
كون,كون,كون,True
كون,أكون,,False
كون,تكونن,,False
كون,تكونني,,False
كون,تكونين,تكون,False
كون,تكنون,اكن,False
كون,تكنوا,تكنى,False
كون,تكن,كن,False
كون,يكون,,False
كون,تكون,,False
كون,يكونان,,False
كون,يكونا,,False
كون,تكونا,تكون,False
كون,تكونان,,False
كون,يكونوا,,False
كون,يكونون,,False
كون,يكن,كن,False
كون,نكون,,False
كون,كنت,,False
كون,كنت,,False
كون,كنت,,False
كون,كنتم,,False
كون,كنتن,,False
كون,كان,,False
كون,كانت,,False
كون,كانا,,False
كون,كانتا,,False
كون,كانوا,,False
كون,كن,كن,False
كون,كنا,,False
كون,كن,كن,False
كون,كني,كنى,False
كون,كونوا,كون,True
كون,كن,كن,False
قام,قام,,False
قام,أقوم,اقوم,False
قام,تقوم,قام,True
قام,تقومين,قوم,False
قام,تقومي,قام,True
قام,تقومون,قوم,False
قام,تقوموا,قوم,False
قام,تقمن,تقمن,False
قام,يقوم,قام,True
قام,تقوم,قام,True
قام,يقمنا,قم,False
قام,يقمنان,,False
قام,تقمنا,تقمن,False
قام,تقمنان,,False
قام,يقومون,قام,True
قام,يقوموا,قام,True
قام,يقمن,قام,True
قام,نقوم,قام,True
قام,قمت,قم,False
قام,قمت,قم,False
قام,قمت,قم,False
قام,قمتم,قام,True
قام,قمتن,قام,True
قام,قام,,False
قام,قامت,قام,True
قام,قاما,قام,True
قام,قامتا,قام,True
قام,قاموا,قام,True
قام,قمن,قمن,False
قام,قمنا,قام,True
قام,قم,قم,False
قام,قومي,قام,True
قام,قوموا,قوم,False
قام,قمن,قمن,False
وجب,وجب,جب,False
وجب,أجب,جب,False
وجب,تجب,جب,False
وجب,تجيبين,جاب,False
وجب,تجيبي,جاب,False
وجب,تجيبون,اجاب,False
وجب,تجبوا,جبى,False
وجب,تجبن,جبن,False
وجب,يجب,جب,False
وجب,تجب,جب,False
وجب,يجيبان,جاب,False
وجب,يجيبا,جاب,False
وجب,تجيبان,جاب,False
وجب,تجيبا,جاب,False
وجب,يجبون,جب,False
وجب,يجبوا,جب,False
وجب,يجبن,جبن,False
وجب,نجب,نجب,False
وجب,وجبت,جب,False
وجب,وجبت,جب,False
وجب,وجبت,جب,False
وجب,وجبتم,جاب,False
وجب,وجبن,جبن,False
وجب,وجب,جب,False
وجب,وجبت,جب,False
وجب,وجبا,جب,False
وجب,وجبتا,جب,False
وجب,وجبوا,جب,False
وجب,وجبن,جبن,False
وجب,وجبنا,جاب,False
وجب,جب,جب,False
وجب,جبي,جبى,False
وجب,جبوا,جب,False
وجب,جبن,جبن,False
وجد,وجد,جد,False
وجد,أجد,اجد,False
وجد,تجد,جد,False
وجد,تجدين,جدا,False
وجد,تجدي,اجدى,False
وجد,تجدون,اجد,False
وجد,تجدوا,جدا,False
وجد,تجدن,اجاد,False
وجد,يجد,جد,False
وجد,تجد,جد,False
وجد,يجدان,جد,False
وجد,يجدا,جد,False
وجد,تجدان,جد,False
وجد,تجدا,جد,False
وجد,يجدون,جد,False
وجد,يجدوا,جدا,False
وجد,يجدن,جاد,False
وجد,نجد,نجد,False
وجد,وجدت,جد,False
وجد,وجدت,جد,False
وجد,وجدت,جد,False
وجد,وجدتم,جاد,False
وجد,وجدتن,جاد,False
وجد,وجد,جد,False
وجد,وجدت,جد,False
وجد,وجدا,جدا,False
وجد,وجدتا,جد,False
وجد,وجدوا,جد,False
وجد,وجدن,جاد,False
وجد,وجدنا,جاد,False
وجد,جد,جد,False
وجد,جدي,جدي,False
وجد,جدوا,جد,False
وجد,جدن,جاد,False
دعا,دعا,دعا,True
دعا,أدعو,دعا,True
دعا,تدعو,دعا,True
دعا,تدعين,دعا,True
دعا,تدعي,ادعى,False
دعا,تدعون,دع,False
دعا,تدعوا,دعا,True
دعا,تدعون,دع,False
دعا,يدعو,دعا,True
دعا,تدعو,دعا,True
دعا,يدعوان,دعا,True
دعا,يدعوا,دعا,True
دعا,تدعوان,دعا,True
دعا,تدعوا,دعا,True
دعا,يدعون,دع,False
دعا,يدعوا,دعا,True
دعا,يدعون,دع,False
دعا,ندعوا,,False
دعا,دعوت,دعا,True
دعا,دعوت,دعا,True
دعا,دعوت,دعا,True
دعا,دعوتم,دعا,True
دعا,دعوتن,دعا,True
دعا,دعا,دعا,True
دعا,دعت,دع,False
دعا,دعوا,دع,False
دعا,دعتا,دع,False
دعا,دعوا,دع,False
دعا,دعون,دعا,True
دعا,دعونا,دعا,True
دعا,أدعو,دعا,True
دعا,أدعي,دعا,True
دعا,أدعوا,دعا,True
دعا,أدعون,,False
رمى,رمى,رمى,True
رمى,أرمي,رمى,True
رمى,ترمي,رمى,True
رمى,ترمين,رمى,True
رمى,ترمي,رمى,True
رمى,ترموا,رم,False
رمى,ترمون,رم,False
رمى,ترمن,رام,False
رمى,يرمي,رمى,True
رمى,ترمي,رمى,True
رمى,يرميان,رمى,True
رمى,يرميا,رمى,True
رمى,ترميان,رمى,True
رمى,ترميا,رمى,True
رمى,يرمون,رم,False
رمى,يرموا,رم,False
رمى,يرمن,رام,False
رمى,نرمي,رمى,True
رمى,رميت,رمى,True
رمى,رميت,رمى,True
رمى,رميت,رمى,True
رمى,رميتم,رمى,True
رمى,رميتن,رمى,True
رمى,رمى,رمى,True
رمى,رمت,رم,False
رمى,رميا,رمى,True
رمى,رمتا,رم,False
رمى,رموا,رم,False
رمى,رمين,رمى,True
رمى,رمينا,رمى,True
رمى,أرم,ارم,False
رمى,أرمي,رمى,True
رمى,أرموا,ارم,False
رمى,أرمن,ارمني,False
بكى,بكى,بكى,True
بكى,أبكي,ابكى,False
بكى,تبكي,بكى,True
بكى,تبكين,بكى,True
بكى,تبكي,بكى,True
بكى,تبكون,بكى,True
بكى,تبكوا,بكى,True
بكى,تبكن,تب,False
بكى,يبكي,بكى,True
بكى,تبكي,بكى,True
بكى,يبكيا,بكي,False
بكى,يبكيان,بكي,False
بكى,تبكيان,بكي,False
بكى,تبكيا,بكي,False
بكى,يبكون,بكي,False
بكى,يبكوا,بكى,True
بكى,يبكن,,False
بكى,نبكي,بكي,False
بكى,بكيت,بكي,False
بكى,بكيت,بكي,False
بكى,بكيت,بكي,False
بكى,بكيتم,بكى,True
بكى,بكيتمن,,False
بكى,بكى,بكى,True
بكى,بكت,بكى,True
بكى,بكيا,بكى,True
بكى,بكتا,بكى,True
بكى,بكوا,بكى,True
بكى,بكين,بيجينغ,False
بكى,بكينا,بكى,True
بكى,أبك,اب,False
بكى,أبكي,ابكى,False
بكى,أبكوا,ابكى,False
بكى,أبكن,اب,False
دنا,دنا,دان,False
دنا,أدنو,دنا,True
دنا,تدنو,دنا,True
دنا,تدنين,دنا,True
دنا,تدني,دني,False
دنا,تدنون,ادنى,False
دنا,تدنوا,تدنى,False
دنا,تدنون,ادنى,False
دنا,يدنو,دنا,True
دنا,تدنو,دنا,True
دنا,يدنوان,دنا,True
دنا,يدنوا,دنا,True
دنا,تدنوان,دنا,True
دنا,تدنوا,تدنى,False
دنا,يدنون,دني,False
دنا,يدنوا,دنا,True
دنا,يدنون,دني,False
دنا,ندنوا,,False
دنا,دنوت,دنا,True
دنا,دنوت,دنا,True
دنا,دنوت,دنا,True
دنا,دنوتم,دنا,True
دنا,دنوتن,دنا,True
دنا,دنا,دان,False
دنا,دنت,دنا,True
دنا,دنوا,دنا,True
دنا,دنتا,دنا,True
دنا,دنوا,دنا,True
دنا,دنون,دنا,True
دنا,دنونا,دنا,True
دنا,أدن,ادان,False
دنا,أدني,ادنى,False
دنا,أدنوا,ادنى,False
دنا,أدنون,ادنى,False
قال,قال,,False
قال,أقول,قال,True
قال,تقول,قال,True
قال,تقولين,قال,True
قال,تقولي,قال,True
قال,تقولون,قال,True
قال,تقولوا,قال,True
قال,تقولن,,False
قال,يقول,قال,True
قال,تقول,قال,True
قال,يقولا,قال,True
قال,يقولان,قال,True
قال,تقولان,قال,True
قال,تقولا,تقول,False
قال,يقولون,قال,True
قال,يقولوا,قال,True
قال,يقلن,قال,True
قال,نقول,قال,True
قال,قلت,قل,False
قال,قلت,قل,False
قال,قالت,قال,True
قال,قلتم,قال,True
قال,قلتن,قال,True
قال,قال,,False
قال,قالت,قال,True
قال,قالا,قال,True
قال,قالتا,قال,True
قال,قالوا,قال,True
قال,قلن,قال,True
قال,قلنا,قال,True
قال,قل,قل,False
قال,قولي,قال,True
قال,قولوا,قال,True
قال,قلن,قال,True
باع,باع,,False
باع,أبيع,باع,True
باع,تبيع,باع,True
باع,تبيعين,تبيع,False
باع,تبيعي,باع,True
باع,تبيعون,تبيع,False
باع,تبيعوا,اباع,False
باع,تبعن,بيع,False
باع,يبيع,باع,True
باع,تبيع,باع,True
باع,يبيعان,باع,True
باع,يبيعا,باع,True
باع,تبيعان,باع,True
باع,تبيعا,تبيع,False
باع,يبيعوا,باع,True
باع,يبيعون,باع,True
باع,يبعن,باع,True
باع,نبيع,باع,True
باع,بعت,باع,True
باع,بعت,باع,True
باع,بعت,باع,True
باع,بعتم,باع,True
باع,بعتن,باع,True
باع,باع,,False
باع,باعت,باع,True
باع,باعا,باع,True
باع,باعتا,باع,True
باع,باعوا,باع,True
باع,بعن,باع,True
باع,بعنا,باع,True
باع,بيع,بيع,False
باع,بع,,False
باع,بيعوا,بيع,False
باع,بعن,باع,True
نام,نام,,False
نام,أنام,انام,False
نام,تنام,نام,True
نام,تنامين,انام,False
نام,تنامي,تنامى,False
نام,تنامون,نام,True
نام,تناموا,تنامى,False
نام,تنمن,انام,False
نام,ينام,نام,True
نام,تنام,نام,True
نام,ينامان,نام,True
نام,يناما,نام,True
نام,تنامان,نام,True
نام,تناما,نام,True
نام,ينامون,نام,True
نام,يناموا,انام,False
نام,ينمن,نام,True
نام,ننام,نام,True
نام,نمت,نم,False
نام,نمت,نم,False
نام,نمت,نم,False
نام,نمتم,نام,True
نام,نمتن,نام,True
نام,نام,,False
نام,نامت,نام,True
نام,ناما,نام,True
نام,نامتا,نام,True
نام,ناموا,نام,True
نام,نمن,من,False
نام,نمنا,نام,True
نام,نم,نم,False
نام,نامي,نامي,False
نام,ناموا,نام,True
نام,نمن,من,False
صام,صام,,False
صام,أصوم,صام,True
صام,تصوم,صام,True
صام,تصومين,صام,True
صام,تصومي,صام,True
صام,يصومون,صام,True
صام,يصوموا,صام,True
صام,تصمن,صام,True
صام,يصوم,صام,True
صام,تصوم,صام,True
صام,يصومان,صام,True
صام,يصوما,صام,True
صام,تصومان,صام,True
صام,تصوما,صام,True
صام,يصومون,صام,True
صام,يصوموا,صام,True
صام,يصمن,صام,True
صام,نصوم,صام,True
صام,صمت,صم,False
صام,صمت,صم,False
صام,صمت,صم,False
صام,صمتم,صمت,False
صام,صمتن,صام,True
صام,صام,,False
صام,صامت,صام,True
صام,صاما,صام,True
صام,صامتا,صام,True
صام,صاموا,صام,True
صام,صمن,صام,True
صام,صمنا,صام,True
صام,صم,صم,False
صام,صومي,صوم,False
صام,صوموا,,False
صام,صمن,صام,True
ولى,ولى,لي,False
ولى,أولي,اولى,False
ولى,تولي,ولى,True
ولى,تولين,ولى,True
ولى,تولي,ولى,True
ولى,تولون,ولى,True
ولى,تولوا,تولى,False
ولى,تولين,ولى,True
ولى,يولي,ولى,True
ولى,تولي,ولى,True
ولى,يوليا,ولى,True
ولى,يوليان,ولى,True
ولى,توليا,تولي,False
ولى,توليان,ولى,True
ولى,يولوا,ولى,True
ولى,يولون,ولى,True
ولى,يولين,ولى,True
ولى,نولي,ولى,True
ولى,وليت,ليت,False
ولى,وليت,ليت,False
ولى,ولت,ولى,True
ولى,وليتم,ولى,True
ولى,وليتن,ولى,True
ولى,ولى,لي,False
ولى,ولت,ولى,True
ولى,وليا,لياء,False
ولى,ولتا,لت,False
ولى,ولوا,لواء,False
ولى,ولين,لين,False
ولى,ولينا,لين,False
ولى,ول,ل,False
ولى,ولي,لي,False
ولى,ولوا,لواء,False
ولى,ولين,لين,False
وصى,وصى,وصى,True
وصى,أوصي,اوصى,False
وصى,تزصي,,False
وصى,توصين,وصى,True
وصى,توصي,وصى,True
وصى,توصون,وصى,True
وصى,توصون,وصى,True
وصى,توصوا,وصى,True
وصى,يوصي,وصى,True
وصى,توصي,وصى,True
وصى,يوصيان,وصى,True
وصى,يوصيا,وصى,True
وصى,توصيان,وصى,True
وصى,توصيا,وصى,True
وصى,يوصون,وصى,True
وصى,يوصوا,وصى,True
وصى,يوصين,وصى,True
وصى,نوصي,وصى,True
وصى,وصيت,صيت,False
وصى,وصيت,صيت,False
وصى,وصت,صات,False
وصى,وصيتم,وصى,True
وصى,وصيتن,وصى,True
وصى,وصى,وصى,True
وصى,وصت,صات,False
وصى,وصيا,وصي,False
وصى,وصتا,وصى,True
وصى,وصوا,وصى,True
وصى,وصين,صين,False
وصى,وصينا,وصى,True
وصى,وص,ص,False
وصى,وصي,وصى,True
وصى,وصوا,وصى,True
وصى,وصين,صين,False
وأى,وأى,اي,False
وأى,أئي,,False
وأى,تئي,,False
وأى,تئين,ان,False
وأى,تئي,,False
وأى,تؤن,ان,False
وأى,تأوا,,False
وأى,تئين,ان,False
وأى,يئي,,False
وأى,تئي,,False
وأى,يئيان,,False
وأى,يئيا,,False
وأى,تئيان,,False
وأى,تئيا,,False
وأى,يؤن,ان,False
وأى,يؤا,,False
وأى,يئين,ان,False
وأى,نئي,نيء,False
وأى,وأيت,ايت,False
وأى,وأيت,ايت,False
وأى,وأيت,ايت,False
وأى,وأيتم,ايتم,False
وأى,وأيتن,ايتن,False
وأى,وأى,اي,False
وأى,وأت,,False
وأى,وأيا,اي,False
وأى,وأتا,اتا,False
وأى,وأوا,اوا,False
وأى,وأين,اين,False
وأى,وأينا,اين,False
وأى,إ,ا,False
وأى,إي,اي,False
وأى,أوا,,False
وأى,إين,,False
وقى,وقى,قياء,False
وقى,أقي,وقى,True
وقى,تقي,وقى,True
وقى,تقين,تقى,False
وقى,تقي,وقى,True
وقى,تقون,وقى,True
وقى,تقوا,تقى,False
وقى,تقين,تقى,False
وقى,يقي,وقى,True
وقى,تقي,وقى,True
وقى,يقيان,وقى,True
وقى,يقيا,وقى,True
وقى,تقيان,وقى,True
وقى,تقيا,تقى,False
وقى,يقون,وقى,True
وقى,يقوا,وقى,True
وقى,يقين,يقين,False
وقى,نقي,نقى,False
وقى,وقيت,وقى,True
وقى,وقيت,وقى,True
وقى,وقيت,وقى,True
وقى,وقيتم,وقى,True
وقى,وقيتن,وقى,True
وقى,وقى,قياء,False
وقى,وقت,وقت,False
وقى,وقيا,قياء,False
وقى,وقيتا,وقي,False
وقى,وقوا,قواء,False
وقى,وقين,قين,False
وقى,وقينا,وقى,True
وقى,ق,,False
وقى,قي,قياء,False
وقى,قوا,قواء,False
وقى,قن,قن,False
وعى,وعى,عي,False
وعى,أعي,وعى,True
وعى,تعي,وعى,True
وعى,تعي,وعى,True
وعى,تعين,عين,False
وعى,تعون,وعى,True
وعى,تعوا,وعى,True
وعى,تعين,عين,False
وعى,يعي,وعى,True
وعى,تعي,وعى,True
وعى,يعيان,وعى,True
وعى,يعيا,عي,False
وعى,تعيان,وعى,True
وعى,تعيا,عي,False
وعى,يعون,وعى,True
وعى,يعوا,وعى,True
وعى,يعين,اعان,False
وعى,نعي,نعى,False
وعى,وعيت,عي,False
وعى,وعيت,عي,False
وعى,وعيت,عي,False
وعى,وعيتم,وعى,True
وعى,وعيتن,وعى,True
وعى,وعى,عي,False
وعى,وعت,وعى,True
وعى,وعيا,عياء,False
وعى,وعيتا,عي,False
وعى,وعوا,وعى,True
وعى,وعين,عين,False
وعى,وعينا,عين,False
وعى,ع,,False
وعى,عي,عي,False
وعى,عوا,عواء,False
وعى,عين,عين,False
شوى,شوى,شواة,False
شوى,أشوي,شوى,True
شوى,تشوي,شوى,True
شوى,تشوي,شوى,True
شوى,تشوين,تشوين,False
شوى,تشون,شون,False
شوى,تشوا,وشى,False
شوى,تشون,شون,False
شوى,يشوي,شوى,True
شوى,تشوي,شوى,True
شوى,يشويان,شوى,True
شوى,يشويا,شوى,True
شوى,تشويان,شوى,True
شوى,تشويا,شوى,True
شوى,يشون,شون,False
شوى,يشوا,وشى,False
شوى,يشون,شون,False
شوى,نشوي,شوى,True
شوى,شويت,شوى,True
شوى,شويت,شوى,True
شوى,شويت,شوى,True
شوى,شويتم,شوى,True
شوى,شويتن,شوى,True
شوى,شوى,شواة,False
شوى,شوت,شوى,True
شوى,شويا,شوي,False
شوى,شوتا,شوى,True
شوى,شووا,شوى,True
شوى,شوين,شوى,True
شوى,شوينا,شوى,True
شوى,أشو,شوى,True
شوى,إشوي,,False
شوى,إشوا,,False
شوى,إشوين,,False
أتى,أتى,اتى,False
أتى,آتي,اتى,False
أتى,تأتي,اتى,False
أتى,تأتي,اتى,False
أتى,تأتين,اتى,False
أتى,تأتون,اتى,False
أتى,تأتوا,تاتى,False
أتى,تأتين,اتى,False
أتى,يأتي,اتى,False
أتى,تأتي,اتى,False
أتى,يأيتان,,False
أتى,يأتيا,اتى,False
أتى,تأتيان,اتى,False
أتى,تأتيا,تاتى,False
أتى,يأتون,اتى,False
أتى,يأتوا,اتى,False
أتى,يأتين,اتى,False
أتى,نأتي,اتى,False
أتى,أتيت,اتى,False
أتى,أتيت,اتى,False
أتى,أتيت,اتى,False
أتى,أتيتم,اتى,False
أتى,أتيتن,اتى,False
أتى,أتى,اتى,False
أتى,أتت,اتى,False
أتى,أتيا,اتى,False
أتى,أتتا,اتى,False
أتى,أتوا,اتى,False
أتى,أتين,اتى,False
أتى,أتينا,اتى,False
أتى,إيت,,False
أتى,إيتي,,False
أتى,إتوا,,False
أتى,إتين,,False
